id,slug,title,collection,category,price,description,details,mainImage,lifestyleImage,galleryImages,imageFit,variants,isFeatured,hasVictorianFrame,material,created_at,updated_at,stock_count
golden-blob-studs-,golden-blob-studs-,golden blob studs,women,studs,89,"simple, stunning, and made for every day.","[""shiny golden look"",""royal feminine-esque""]",https://wagfmihahpdgoqgghpzf.supabase.co/storage/v1/object/public/product-images/1786737257179-ed3nw.jpeg,https://wagfmihahpdgoqgghpzf.supabase.co/storage/v1/object/public/product-images/1786737268186-r3d1wi.jpeg,[],cover,"[{""id"":""v1"",""name"":""One Size"",""stock"":1,""inStock"":true}]",false,false,golden bakelite,2026-08-14 19:55:58.218413+00,2026-08-14 19:55:58.218413+00,1
golden-hoops-,golden-hoops-,golden hoops,women,hoops,89,"chic gold hoops that bring subtle elegance to any daily outfit
","[""dangling "",""shiny finish "",""secure back ""]",https://wagfmihahpdgoqgghpzf.supabase.co/storage/v1/object/public/product-images/1786736389504-i3kxkf.jpeg,https://wagfmihahpdgoqgghpzf.supabase.co/storage/v1/object/public/product-images/1786736403520-rdgvp.jpeg,[],cover,"[{""id"":""v1"",""name"":""free size"",""stock"":0,""inStock"":false}]",false,false,Golden bakelite,2026-08-14 19:41:15.713085+00,2026-08-14 19:41:15.713085+00,0
golden-pearl-bow-studs-,golden-pearl-bow-studs-,twisted golden pearl bow studs,women,studs,89," shiny golden studs with a pearl oriented look","[""shiny golden look"",""goes with every fit""]",https://wagfmihahpdgoqgghpzf.supabase.co/storage/v1/object/public/product-images/1786736774042-83tpnl.jpeg,https://wagfmihahpdgoqgghpzf.supabase.co/storage/v1/object/public/product-images/1786736784730-r447go.jpeg,[],cover,"[{""id"":""v1"",""name"":""free size"",""stock"":1,""inStock"":true}]",false,false,golden bakelite,2026-08-14 19:47:27.603698+00,2026-08-14 19:47:27.603698+00,1
golden-starfish-studs-,golden-starfish-studs-,golden starfish studs,women,studs,89,Radiant gold studs designed for sunny beach getaways,"[""starfish look"",""shiny golden""]",https://wagfmihahpdgoqgghpzf.supabase.co/storage/v1/object/public/product-images/1786736099600-5pzjyw.jpeg,https://wagfmihahpdgoqgghpzf.supabase.co/storage/v1/object/public/product-images/1786736214163-io7ofh.jpeg,[],cover,"[{""id"":""v1"",""name"":""Free sizs"",""stock"":2,""inStock"":true}]",false,false,Golden bakelite,2026-08-14 19:36:57.494723+00,2026-08-14 19:36:57.494723+00,2
golden-studs-,golden-studs-,twisted golden studs,women,studs,89,"these golden Bakelite studs effortlessly blend timeless retro charm with a sleek, modern finish. Lightweight, durable, and uniquely polished, they are the perfect statement piece for both casual day
","[""coral look"",""smooth finish""]",https://wagfmihahpdgoqgghpzf.supabase.co/storage/v1/object/public/product-images/1786736539835-toyi8c.jpeg,https://wagfmihahpdgoqgghpzf.supabase.co/storage/v1/object/public/product-images/1786736635071-blh6ua.jpeg,[],cover,"[{""id"":""v1"",""name"":""free size"",""stock"":3,""inStock"":true}]",false,false,golden bakelite,2026-08-14 19:43:58.634749+00,2026-08-14 19:43:58.634749+00,3
matilda-msrmjhy8,golden-waist-chain,golden waist chain,women,waist-chains,199,a statement golden waist chain featuring detailed medallion links. Fully adjustable from XXS to XXL to sit comfortably and securely on your waist.,"[""adjustable fit from XXS to XXL"",""intricate patterned medallion links"",""secure lobster clasp closure""]",https://wagfmihahpdgoqgghpzf.supabase.co/storage/v1/object/public/product-images/plhx29qr8q.jpg,https://wagfmihahpdgoqgghpzf.supabase.co/storage/v1/object/public/product-images/bslpbpxqf3h.jpg,[],cover,"[{""id"":""v2"",""name"":""free size"",""stock"":6,""inStock"":true}]",false,false,gold toned metal,2026-08-14 13:24:47.292518+00,2026-08-14 13:24:47.292518+00,6
prod_1786822207499,prod_1786822207499,"korum heart pendent ",women,pendants,99,"A bold statement necklace designed with a detachable black cord provides remarkable flexibility, letting you switch seamlessly from a dramatic, high-fashion collar style to a relaxed, everyday aesthetic.","[""glassy heart look"",""goes with every fit""]",https://wagfmihahpdgoqgghpzf.supabase.co/storage/v1/object/public/product-images/products/1786821944826_whqibetqux.jpeg,https://wagfmihahpdgoqgghpzf.supabase.co/storage/v1/object/public/product-images/products/1786821954502_7ushpwsn6u8.jpeg,"[""https://wagfmihahpdgoqgghpzf.supabase.co/storage/v1/object/public/product-images/products/1786821961700_ia0wt5t2zdf.jpeg""]",cover,"[{""id"":""v1"",""name"":""free size"",""stock"":0,""inStock"":false}]",false,false,"glass and cord ",2026-08-15 19:30:09.369517+00,2026-08-15 19:30:09.369517+00,0
prod_1786824810310,prod_1786824810310,maple leaf pendant,both,pendants,159,"a maple leaf pendant paired with a detachable chain combines autumnal elegance with modern versatility, allowing you to easily shift from an earthy, casual daytime aesthetic to a striking, nature-inspired evening look.","[""stainless steel"",""free size"",""gothesque""]",https://wagfmihahpdgoqgghpzf.supabase.co/storage/v1/object/public/product-images/products/1786824192535_2lqhe92c4j8.jpeg,https://wagfmihahpdgoqgghpzf.supabase.co/storage/v1/object/public/product-images/products/1786824199692_cdlvithq6bc.jpeg,[],cover,"[{""id"":""v1"",""name"":""free size"",""stock"":8,""inStock"":true}]",false,false,stainless steel,2026-08-15 20:13:32.909076+00,2026-08-15 20:13:32.909076+00,8
prod_1786825127272,prod_1786825127272,silver sunburst pendant,both,pendants,169,"a bold steel sunburst pendant paired with a detachable chain merges industrial edge with celestial warmth, giving you a striking accessory that transitions effortlessly from everyday streetwear to statement evening wear.","[""celestial design"",""effortless and easy to style"",""versatile Sizing""]",https://wagfmihahpdgoqgghpzf.supabase.co/storage/v1/object/public/product-images/products/1786824924605_cqvyveqghip.jpeg,https://wagfmihahpdgoqgghpzf.supabase.co/storage/v1/object/public/product-images/products/1786824932779_4kxudu01zbr.jpeg,[],cover,"[{""id"":""v1"",""name"":""free size"",""stock"":14,""inStock"":true}]",false,false,Stainless steel,2026-08-15 20:18:48.942314+00,2026-08-15 20:18:48.942314+00,14
prod_1786825557123,prod_1786825557123,gothic spider pendant,both,pendants,169,"a striking spider pendant paired with a detachable 
silver chain offers the ultimate gothic-chic or edgy modern versatility, letting you completely transform the vibe of the piece from dark romance to sleek industrial edge.","[""spiderman-esque"",""gothic look"",""everyday carry""]",https://wagfmihahpdgoqgghpzf.supabase.co/storage/v1/object/public/product-images/products/1786825204783_l591wbep9c.jpeg,https://wagfmihahpdgoqgghpzf.supabase.co/storage/v1/object/public/product-images/products/1786825210473_wq03wardwyi.jpeg,[],cover,"[{""id"":""v1"",""name"":""free size"",""stock"":2,""inStock"":true}]",false,false,stainless steel,2026-08-15 20:25:59.454827+00,2026-08-15 20:25:59.454827+00,2
prod_1786826607562,prod_1786826607562,"silver butterfly pendent ",women,pendants,169,"A gothic butterfly pendant paired with a detachable silver chain creates a striking balance between dark romance and ethereal grunge, offering versatile styling options that range from Victorian mourning-style elegance to modern alternative fashion.","[""dark aesthetic style"",""interchangeable chain"",""versatile alternative wear""]",https://wagfmihahpdgoqgghpzf.supabase.co/storage/v1/object/public/product-images/products/1786825985268_71y31jqzhc3.jpeg,https://wagfmihahpdgoqgghpzf.supabase.co/storage/v1/object/public/product-images/products/1786825994111_ayrnq1prtsh.jpeg,[],cover,"[{""id"":""v1"",""name"":""free size"",""stock"":4,""inStock"":true}]",false,false,steel,2026-08-15 20:43:29.614643+00,2026-08-15 20:43:29.614643+00,4
prod_1786827794259,prod_1786827794259,silver feather pendant,both,pendants,169,"A stunning silver feather pendant paired with a chain brings a touch of organic elegance and bohemian free-spiritedness to your everyday look. Whether crafted from polished sterling silver or detailed pewter, the intricate texturing of the feather mimics the natural flow of real plumage, making it a timeless and lightweight accessory.","[""Sterling silver "",""Gothic style""]",https://wagfmihahpdgoqgghpzf.supabase.co/storage/v1/object/public/product-images/products/1786827342007_ac62zgloeuv.jpeg,https://wagfmihahpdgoqgghpzf.supabase.co/storage/v1/object/public/product-images/products/1786827348025_q7n1eh6jnz9.jpeg,[],cover,"[{""id"":""v1"",""name"":""One Size"",""stock"":1,""inStock"":true}]",false,false,steel,2026-08-15 21:03:16.332305+00,2026-08-15 21:03:16.332305+00,1
prod_1786828141597,prod_1786828141597,dripping butterfly pendant,women,pendants,169,"A dripping butterfly pendant merges delicate wing symmetry with an edgy, avant-garde melting effect, creating a striking piece that is equal parts whimsical and subversive.","[""Melting Silhouette"",""Textural Contrast"",""Bail Integration""]",https://wagfmihahpdgoqgghpzf.supabase.co/storage/v1/object/public/product-images/products/1786827843656_tk8us5i4nyj.jpeg,https://wagfmihahpdgoqgghpzf.supabase.co/storage/v1/object/public/product-images/products/1786827849651_vk62194bs6.jpeg,[],cover,"[{""id"":""v1"",""name"":""One Size"",""stock"":1,""inStock"":true}]",false,false,Steel,2026-08-15 21:09:03.358906+00,2026-08-15 21:09:03.358906+00,1
prod_1786828593893,prod_1786828593893,textured starfish pendant,women,pendants,169,"A textured starfish pendant captures the organic, sun-washed beauty of the ocean, offering a coastal-inspired statement piece with rich tactile depth and intricate detail.","[""Dimensional Shape"",""Relief Texturing"",""Organic Asymmetry""]",https://wagfmihahpdgoqgghpzf.supabase.co/storage/v1/object/public/product-images/products/1786828251263_9tejb1plsie.jpeg,https://wagfmihahpdgoqgghpzf.supabase.co/storage/v1/object/public/product-images/products/1786828255751_wjfko879xjd.jpeg,[],cover,"[{""id"":""v1"",""name"":""Free size"",""stock"":8,""inStock"":true}]",false,false,stainless steel,2026-08-15 21:16:35.337793+00,2026-08-15 21:16:35.337793+00,8
prod_1786828872628,prod_1786828872628,mini butterfly pendant,women,pendants,159,"A mini butterfly pendant offers a delicate, understated take on classic winged motifs, combining dainty proportions with graceful symmetry for a subtle everyday accessory.","[""Dainty Scale"",""Clean Wing Symmetry"",""Integrated Bail""]",https://wagfmihahpdgoqgghpzf.supabase.co/storage/v1/object/public/product-images/products/1786828661681_hj0spe85vmc.jpeg,https://wagfmihahpdgoqgghpzf.supabase.co/storage/v1/object/public/product-images/products/1786828668607_alqs9t3a6m.jpeg,[],cover,"[{""id"":""v1"",""name"":""Free size"",""stock"":6,""inStock"":true}]",false,false,stainless steel,2026-08-15 21:21:14.240638+00,2026-08-15 21:21:14.240638+00,6
prod_1786829102146,prod_1786829102146,golden sunburst pendant,women,pendants,269,"a golden high-quality sunburst pendant captures the radiant warmth and timeless elegance of celestial design, meticulously crafted from premium precious metals to deliver a luminous, eye-catching statement piece.","[""high-purity material"",""intricate radial detailing"",""polished reflective finish""]",https://wagfmihahpdgoqgghpzf.supabase.co/storage/v1/object/public/product-images/products/1786828920536_y84xkavn4dp.jpeg,https://wagfmihahpdgoqgghpzf.supabase.co/storage/v1/object/public/product-images/products/1786828929799_5c0v3t8vrhc.jpeg,[],cover,"[{""id"":""v1"",""name"":""free size"",""stock"":0,""inStock"":false}]",false,false,high quality stainless steel,2026-08-15 21:25:03.210324+00,2026-08-15 21:25:03.210324+00,0
prod_1786829392708,prod_1786829392708,"resin flower pendant ",women,pendants,179,"a real resin flower pendant encases hand-picked botanical elements in crystal-clear resin, capturing a fleeting moment of nature in a durable, wearable work of art.","[""Botanical Preservation"",""Secure Metal Framing"",""Optically Clear Resin""]",https://wagfmihahpdgoqgghpzf.supabase.co/storage/v1/object/public/product-images/products/1786829249564_pzcu147qfus.jpeg,https://wagfmihahpdgoqgghpzf.supabase.co/storage/v1/object/public/product-images/products/1786829255527_ppauyowaez.jpeg,[],cover,"[{""id"":""v1"",""name"":""Free size "",""stock"":21,""inStock"":true}]",false,false,high quality stainless steel,2026-08-15 21:29:53.786455+00,2026-08-15 21:29:53.786455+00,21
prod_1786829635659,prod_1786829635659,"golden gothic butterfly pendant ",women,pendants,179,"a golden huge gothic butterfly pendant merges dramatic, oversized proportions with dark alternative styling, using warm metallic tones to elevate intricate macabre details into a high-impact statement piece.","[""oversized statement scale"",""ornate filigree wings"",""dimensional layering""]",https://wagfmihahpdgoqgghpzf.supabase.co/storage/v1/object/public/product-images/products/1786829429853_zt1imgglk6b.jpeg,https://wagfmihahpdgoqgghpzf.supabase.co/storage/v1/object/public/product-images/products/1786829436244_o9qoexjaprg.jpeg,[],cover,"[{""id"":""v1"",""name"":""free size"",""stock"":2,""inStock"":true}]",false,false,stainless steel,2026-08-15 21:33:56.705561+00,2026-08-15 21:33:56.705561+00,2
prod_1786829856528,prod_1786829856528,"gothic star pendant ",both,pendants,169,"A star gothic pendant combines celestial symmetry with dark, edgy aesthetics, featuring sharp geometric lines and moody metallic finishes for an unmistakable alternative statement.","[""Sharp Geometric Star Motif"",""Deep Contrast Finishes"",""Ornate Skeletal Framing""]",https://wagfmihahpdgoqgghpzf.supabase.co/storage/v1/object/public/product-images/products/1786829705158_l32jq72fnt.jpeg,https://wagfmihahpdgoqgghpzf.supabase.co/storage/v1/object/public/product-images/products/1786829711730_pr9p3b6bkj.jpeg,[],cover,"[{""id"":""v1"",""name"":""Free size"",""stock"":5,""inStock"":true}]",false,false,Stainless steel,2026-08-15 21:37:37.746719+00,2026-08-15 21:37:37.746719+00,5
prod_1786869157046,prod_1786869157046,silver waist chain,women,waist-chains,199,"A silver waist chain—often traditionally known as a kamarbandh, tagdi, or belly chain—is a graceful and versatile piece of ornamental jewelry designed to rest delicately around the hips or waist. Seamlessly blending rich cultural heritage with modern minimalist charm, it accentuates the natural curves of the body and adds a subtle, sophisticated shimmer to any outfit. Whether styled traditionally with a classic silk saree and festive lehenga or paired contemporary-style with western high-waisted garments and dresses, a high-quality silver waist chain offers an effortless statement of elegance and poise.","[""versatile fit with adjustable links or extension chain"",""lightweight and comfortable for extended wear"",""hypoallergenic and safe for sensitive skin"",""92.5 sterling Silver construction""]",https://wagfmihahpdgoqgghpzf.supabase.co/storage/v1/object/public/product-images/products/1786868898703_bi2oj1bvabs.jpeg,https://wagfmihahpdgoqgghpzf.supabase.co/storage/v1/object/public/product-images/products/1786868909429_w8td4u53iud.jpeg,"[""https://wagfmihahpdgoqgghpzf.supabase.co/storage/v1/object/public/product-images/products/1786868917084_ekcljkgozj8.jpeg""]",cover,"[{""id"":""v1"",""name"":""Free size"",""stock"":6,""inStock"":true}]",false,false,High quality stainless steel,2026-08-16 08:32:39.233873+00,2026-08-16 08:32:39.233873+00,6
prod_1786869482686,prod_1786869482686,"clover leaf bracelet ",women,bracelets,199,"a clover leaf bracelet is a charming and delicate piece of jewelry featuring distinct four-leaf clover motifs. Designed to drape gracefully around the wrist, it effortlessly combines playful elegance with sophisticated style. Whether crafted as a minimalist metal chain or accented with polished inlays, it adds a refined and stylish touch of grace to both casual daytime looks and formal evening attire.","[""premium metal construction"",""adjustable length with a secure lobster clasp closure"",""hypoallergenic and gentle on sensitive skin""]",https://wagfmihahpdgoqgghpzf.supabase.co/storage/v1/object/public/product-images/products/1786869256870_b57wja2ypiv.jpeg,https://wagfmihahpdgoqgghpzf.supabase.co/storage/v1/object/public/product-images/products/1786869479850_3bfpamjx4pq.jpeg,[],cover,"[{""id"":""v1"",""name"":""Free size"",""stock"":10,""inStock"":true}]",false,false,High quality stainless steel,2026-08-16 08:38:03.534279+00,2026-08-16 08:38:03.534279+00,10
prod_1786870172722,prod_1786870172722,"small sizes keepsake heart pendant ",women,pendants,159,"A keepsake heart pendant is a sentimental and timeless piece of jewelry designed to hold personal memories close to your heart. Featuring a classic heart shape, it often serves as a locket or a memorial piece where you can securely store a tiny photo, a small note, or a meaningful token. Combining profound emotional value with graceful craftsmanship, it makes a deeply personal accessory or a treasured gift for someone special.","[""Opening locket or compartment for personal mementos"",""Meaningful and deeply personal gift option"",""Secure closure to keep precious contents safe""]",https://wagfmihahpdgoqgghpzf.supabase.co/storage/v1/object/public/product-images/products/1786869765426_lclcesuvmp.jpeg,https://wagfmihahpdgoqgghpzf.supabase.co/storage/v1/object/public/product-images/products/1786869772656_294pn38nweg.jpeg,"[""https://wagfmihahpdgoqgghpzf.supabase.co/storage/v1/object/public/product-images/products/1786869776960_q9m91ysbi6d.jpeg""]",cover,"[{""id"":""v1"",""name"":""Free size"",""stock"":15,""inStock"":true}]",false,false,stainless steel,2026-08-16 08:49:34.104166+00,2026-08-16 08:49:34.104166+00,15
prod_1786870408005,prod_1786870408005,"maple leaf studs ",women,studs,89,"Maple leaf earrings are a charming and nature-inspired jewelry piece featuring the iconic, intricately detailed silhouette of a maple leaf. Capturing the rustic beauty of autumn, they add a warm, organic touch to any outfit, making them a stylish choice for everyday wear or seasonal accessorizing.","[""lightweight and comfortable for all-day wear"",""secure backing for reliable closure"",""versatile style for casual and seasonal outfits""]",https://wagfmihahpdgoqgghpzf.supabase.co/storage/v1/object/public/product-images/products/1786870272271_eupg8gv45b.jpeg,https://wagfmihahpdgoqgghpzf.supabase.co/storage/v1/object/public/product-images/products/1786870282190_ui8msuhjo3.jpeg,[],cover,"[{""id"":""v1"",""name"":""One Size"",""stock"":2,""inStock"":true}]",false,false,golden bakelite,2026-08-16 08:53:29.094346+00,2026-08-16 08:53:29.094346+00,2
prod_1786870590568,prod_1786870590568,"curved bow studs ",women,studs,89,"Golden bow studs are charming and delicate earrings shaped like graceful tied ribbons. Bringing a touch of feminine elegance and playful vintage charm to your look, these polished gold studs add a sweet, sophisticated sparkle to both casual everyday outfits and dressy attire.","[""elegant tied ribbon bow silhouette"",""warm, polished gold finish"",""versatile style for casual and formal wear""]",https://wagfmihahpdgoqgghpzf.supabase.co/storage/v1/object/public/product-images/products/1786870430183_2tsx0zssl6q.jpeg,https://wagfmihahpdgoqgghpzf.supabase.co/storage/v1/object/public/product-images/products/1786870446893_my35gm6kowh.jpeg,[],cover,"[{""id"":""v1"",""name"":""Free size"",""stock"":12,""inStock"":true}]",false,false,"golden bakelite ",2026-08-16 08:56:31.093688+00,2026-08-16 08:56:31.093688+00,12
prod_1786870759558,prod_1786870759558,"textured starfish studs ",women,studs,89,"golden textured starfish studs are delightful, ocean-inspired earrings featuring intricately detailed starfish motifs. With a warm golden finish and a tactile, sun-kissed surface, these playful studs bring a touch of coastal elegance and summery charm to your everyday wardrobe.","[""intricate textured starfish design"",""versatile coastal-inspired style"",""compact and lightweight""]",https://wagfmihahpdgoqgghpzf.supabase.co/storage/v1/object/public/product-images/products/1786870612497_nhpl6u9pifr.jpeg,https://wagfmihahpdgoqgghpzf.supabase.co/storage/v1/object/public/product-images/products/1786870620273_ijdqm19z6oe.jpeg,[],cover,"[{""id"":""v1"",""name"":""free size"",""stock"":23,""inStock"":true}]",false,false,"golden bakelite ",2026-08-16 08:59:21.000353+00,2026-08-16 08:59:21.000353+00,23
prod_1786871517252,prod_1786871517252,"chainlink bracelet ",both,bracelets,169,"crafted from genuine, high-grade sterling silver, this bracelet features intricate cross-motif links designed with meticulous hand-crafted detail. It serves as a timeless and versatile accessory that seamlessly complements both casual everyday wear and formal attire, whether worn alone as a statement piece or paired with other favorites.","[""authentic sterling silver"",""goth look"",""intricate cross motif links""]",https://wagfmihahpdgoqgghpzf.supabase.co/storage/v1/object/public/product-images/products/1786871092283_ogok1883tni.jpeg,https://wagfmihahpdgoqgghpzf.supabase.co/storage/v1/object/public/product-images/products/1786871197043_tr8xt4kd1mq.jpeg,"[""https://wagfmihahpdgoqgghpzf.supabase.co/storage/v1/object/public/product-images/products/1786871203210_q7mn9qhz5cl.jpeg""]",cover,"[{""id"":""v1"",""name"":""free size"",""stock"":10,""inStock"":true}]",false,false,high quality stainless steel,2026-08-16 09:11:58.928561+00,2026-08-16 09:11:58.928561+00,10
prod_1786873314488,prod_1786873314488,"no piercing nose/earring ",both,nose-rings,29,"designed for effortless wear without the need for actual piercings, these clip-on pieces offer a comfortable and secure hold for all-day use. Featuring a sleek and modern aesthetic, they can be worn flexibly on both the ear and nose to add a chic, edgy accent to any outfit.","[""no Piercing Required"",""comfortable Clip-On Fit"",""versatile Style""]",https://wagfmihahpdgoqgghpzf.supabase.co/storage/v1/object/public/product-images/products/1786872322001_fpadreqmm6.jpeg,https://wagfmihahpdgoqgghpzf.supabase.co/storage/v1/object/public/product-images/products/1786873144361_jgf1v916zs.jpeg,"[""https://wagfmihahpdgoqgghpzf.supabase.co/storage/v1/object/public/product-images/products/1786873150944_evlwttn52fj.jpeg""]",cover,"[{""id"":""v1"",""name"":""silver "",""stock"":10,""inStock"":true},{""id"":""v1786894467584"",""name"":""golden"",""stock"":15,""inStock"":true}]",false,false,"stainless steel ",2026-08-16 09:41:56.54187+00,2026-08-16 09:41:56.54187+00,25
prod_1786873702719,prod_1786873702719,"tulip bracelet ",women,bracelets,259,"Crafted with delicate precision, this stunning tulip bracelet features an exquisite floral-inspired design that brings a touch of timeless botanical elegance to your wrist. Its polished finish and graceful structure make it an effortless accessory, perfectly suited for adding a sophisticated, charming flair to both your everyday outfits and special occasion wear.","[""premium Polish"",""elegant Botanical Style"",""versatile Everyday Wear""]",https://wagfmihahpdgoqgghpzf.supabase.co/storage/v1/object/public/product-images/products/1786873534784_o6os3yowr6a.jpeg,https://wagfmihahpdgoqgghpzf.supabase.co/storage/v1/object/public/product-images/products/1786873545491_rzx06254g7.jpeg,[],cover,"[{""id"":""v1"",""name"":""free size"",""stock"":10,""inStock"":true}]",false,false,"high quality stainless steel ",2026-08-16 09:48:24.151478+00,2026-08-16 09:48:24.151478+00,10
prod_1786873979197,,"heart shaped studs ",women,studs,89,"Crafted with a charming and romantic aesthetic, these heart-shaped stud earrings offer a delicate touch of elegance for any occasion. Their lovely design provides a subtle yet sophisticated sparkle, making them a versatile and timeless addition to your everyday jewelry collection.","[""Subtle and sophisticated sparkle"",""Versatile everyday style"",""Charming and romantic aesthetic""]",https://wagfmihahpdgoqgghpzf.supabase.co/storage/v1/object/public/product-images/products/1786873823188_lc7yzfns07.jpeg,https://wagfmihahpdgoqgghpzf.supabase.co/storage/v1/object/public/product-images/products/1786873831162_7utdw7yzr4m.jpeg,[],cover,"[{""id"":""v1"",""name"":""One Size"",""inStock"":true}]",false,false,"golden bakelite ",2026-08-16 09:53:00.502365+00,2026-08-16 09:53:00.502365+00,19
prod_1786874264285,,curved heart studs,women,studs,89,"Crafted with a charming and romantic aesthetic, these heart-shaped stud earrings offer a delicate touch of elegance for any occasion. Their lovely design provides a subtle yet sophisticated sparkle, making them a versatile and timeless addition to your everyday jewelry collection.","[""Delicate heart-shaped design"",""Timeless addition to any jewelry collection"",""Versatile everyday style""]",https://wagfmihahpdgoqgghpzf.supabase.co/storage/v1/object/public/product-images/products/1786874003003_49kgubllyyy.jpeg,https://wagfmihahpdgoqgghpzf.supabase.co/storage/v1/object/public/product-images/products/1786874011892_uiyuf2r2t5p.jpeg,[],cover,"[{""id"":""v1"",""name"":""One Size"",""inStock"":true}]",false,false,"golden bakelite ",2026-08-16 09:57:45.902819+00,2026-08-16 09:57:45.902819+00,2
prod_1786875270181,prod_1786875270181,"broad enamel bangles ",women,bangles,229,"featuring a bold statement silhouette, these broad bangles showcase vibrant hand-painted artistry that highlights stunning artisanal elegance. Enhanced by a glossy enamel finish and a rich color palette, they offer a striking and unique addition to any accessory collection.","[""vibrant Hand-Painted Artistry"",""bold Statement Silhouette"",""rich Color Palette""]",https://wagfmihahpdgoqgghpzf.supabase.co/storage/v1/object/public/product-images/products/1786875002478_1sphu3ka1k4h.jpeg,https://wagfmihahpdgoqgghpzf.supabase.co/storage/v1/object/public/product-images/products/1786875014109_sj5q52jyzfm.jpeg,[],cover,"[{""id"":""v1"",""name"":""Sea green "",""stock"":1,""inStock"":true},{""id"":""v1786875043733"",""name"":""Pastel green"",""stock"":1,""inStock"":true},{""id"":""v1786875049416"",""name"":""Cream"",""stock"":1,""inStock"":true},{""id"":""v1786875097645"",""name"":""Lilac"",""stock"":0,""inStock"":false},{""id"":""v1786875103410"",""name"":""Red"",""stock"":0,""inStock"":false},{""id"":""v1786875115361"",""name"":""Pink"",""stock"":0,""inStock"":false}]",false,false,high quality metal,2026-08-16 10:14:31.48123+00,2026-08-16 10:14:31.48123+00,3
prod_1786885325276,prod_1786885325276,slim enamel bangles,women,bangles,199,"Redefine minimalist elegance with our collection of slim enamel bangles. Featuring a delicate, ultra-thin profile, these bangles offer a modern take on classic wristwear, designed to bring a refined touch of color and sophistication to any ensemble.","[""Hand painted "",""Vibrant Glossy Enamel"",""Open lock fit""]",https://wagfmihahpdgoqgghpzf.supabase.co/storage/v1/object/public/product-images/products/1786884355719_ovrtp15kbjd.jpeg,https://wagfmihahpdgoqgghpzf.supabase.co/storage/v1/object/public/product-images/products/1786884365575_m8rnutqzxd.jpeg,[],cover,"[{""id"":""v1"",""name"":""Sea green"",""stock"":4,""inStock"":true},{""id"":""v1786885045379"",""name"":""Pink"",""stock"":3,""inStock"":true},{""id"":""v1786885111669"",""name"":""Purple"",""stock"":1,""inStock"":true},{""id"":""v1786885125902"",""name"":""Red"",""stock"":3,""inStock"":true},{""id"":""v1786885148418"",""name"":""Pastel green"",""stock"":0,""inStock"":false},{""id"":""v1786885161469"",""name"":""Cream"",""stock"":0,""inStock"":false}]",false,false,"high quality metal ",2026-08-16 13:02:07.830148+00,2026-08-16 13:02:07.830148+00,11
prod_1786885818729,prod_1786885818729,"golden spiral cuff ",women,cuffs,189,"Make a bold yet graceful statement with our Golden Spiral Cuff. Inspired by the organic shapes found in nature, this striking piece wraps fluidly around the wrist, combining sculptural artistry with timeless metallic shine.","[""durable & Lightweight"",""avoid water contact and humidity"",""sculptural Spiral Design""]",https://wagfmihahpdgoqgghpzf.supabase.co/storage/v1/object/public/product-images/products/1786885653660_6d92kjurxht.jpeg,https://wagfmihahpdgoqgghpzf.supabase.co/storage/v1/object/public/product-images/products/1786885657867_i9klazgfy1.jpeg,[],cover,"[{""id"":""v1"",""name"":""Free size"",""stock"":2,""inStock"":true}]",false,false,golden bakelite,2026-08-16 13:10:19.534122+00,2026-08-16 13:10:19.534122+00,2
prod_1786886190359,prod_1786886190359,classic arm cuff,women,cuffs,139,"Elevate your accessory game with our Classic Arm Cuff, a bold and sophisticated statement piece designed to celebrate ancient artistry with a modern edge. Perfect for warm-weather styling, festivals, or adding a dramatic flair to evening wear, this sleek band sits gracefully on the upper arm or forearm for an unforgettable look.","[""sleek & Minimalist Design"",""adjustable & Secure Fit"",""premium Metallic Shine""]",https://wagfmihahpdgoqgghpzf.supabase.co/storage/v1/object/public/product-images/products/1786886021032_56y4z201a33.jpeg,https://wagfmihahpdgoqgghpzf.supabase.co/storage/v1/object/public/product-images/products/1786886025724_cntddokg7fo.jpeg,[],cover,"[{""id"":""v1"",""name"":""free size"",""stock"":1,""inStock"":true}]",false,false,high quality stainless steel,2026-08-16 13:16:31.769804+00,2026-08-16 13:16:31.769804+00,1
prod_1786886695694,prod_1786886695694,golden sea snail arm cuff,women,cuffs,139,"Bring the effortless, organic beauty of the ocean to your style with our Golden Sea Snail Arm Cuff. Inspired by the mesmerizing, natural geometry of marine shells, this sculptural statement piece wraps fluidly around the arm for a look that is both whimsical and deeply sophisticated.","[""Nautilus & Snail-Inspired Silhouette"",""Lightweight Durability"",""Contoured & Adjustable Fit""]",https://wagfmihahpdgoqgghpzf.supabase.co/storage/v1/object/public/product-images/products/1786886462879_htjla00cfk.jpeg,https://wagfmihahpdgoqgghpzf.supabase.co/storage/v1/object/public/product-images/products/1786886503444_n998efr47oa.jpeg,[],cover,"[{""id"":""v1"",""name"":""One Size"",""stock"":1,""inStock"":true}]",false,false,high quality stainless steel,2026-08-16 13:24:56.981304+00,2026-08-16 13:24:56.981304+00,1
prod_1786886938514,prod_1786886938514,floral arm cuff,women,cuffs,139,"embrace romantic elegance and natural beauty with our Floral Arm Cuff. Featuring delicate, blooming motifs intricately sculpted along a graceful band, this enchanting piece brings a touch of whimsical, garden-inspired charm to your wardrobe.","[""flexible Open-Ended Fit"",""sturdy Yet Lightweight"",""radiant Metallic Finish""]",https://wagfmihahpdgoqgghpzf.supabase.co/storage/v1/object/public/product-images/products/1786886784441_cwwnsg7xp3.jpeg,https://wagfmihahpdgoqgghpzf.supabase.co/storage/v1/object/public/product-images/products/1786886878901_rfkqrbrixvg.jpeg,[],cover,"[{""id"":""v1"",""name"":""Free size"",""stock"":1,""inStock"":true}]",false,false,high quality stainless steel,2026-08-16 13:28:59.599902+00,2026-08-16 13:28:59.599902+00,1
prod_1786887190227,prod_1786887190227,silver bow pendant,women,pendants,159,"Capture the essence of timeless femininity with our Silver Bow Pendant. This charming piece balances classic elegance with a subtle, modern playfulness, making it the perfect finishing touch for both casual everyday wear and special occasions.","[""Intricate Bow Design"",""Lightweight & Comfortable"",""Brilliant Silver Finish""]",https://wagfmihahpdgoqgghpzf.supabase.co/storage/v1/object/public/product-images/products/1786887011245_0wfomg7ydewo.jpeg,https://wagfmihahpdgoqgghpzf.supabase.co/storage/v1/object/public/product-images/products/1786887015638_hikqloup4wh.jpeg,[],cover,"[{""id"":""v1"",""name"":""free size"",""stock"":5,""inStock"":true}]",false,false,"stainless steel ",2026-08-16 13:33:10.957896+00,2026-08-16 13:33:10.957896+00,5
prod_1786887801974,prod_1786887801974,"silver anklets ",women,anklets,129,"adorn your ankles with the timeless, shimmering beauty of our Silver Anklets. Whether you are looking for a minimalist everyday chain or a more intricate, embellished design, these pieces are crafted to add a graceful, melodic touch to every step you take.","[""premium quality"",""versatile design"",""secure clasp""]",https://wagfmihahpdgoqgghpzf.supabase.co/storage/v1/object/public/product-images/products/1786887600942_fod7bwdqnhh.jpeg,https://wagfmihahpdgoqgghpzf.supabase.co/storage/v1/object/public/product-images/products/1786887606469_06giyep1raue.jpeg,"[""https://wagfmihahpdgoqgghpzf.supabase.co/storage/v1/object/public/product-images/products/1786887611204_h9t2ssv5drj.jpeg""]",cover,"[{""id"":""v1"",""name"":""free size"",""stock"":2,""inStock"":true}]",false,false,high quality stainless steel,2026-08-16 13:43:23.172238+00,2026-08-16 13:43:23.172238+00,2
prod_1786888756680,prod_1786888756680,no piercing marathi nose rings,women,nose-rings,39,"celebrate rich cultural heritage and timeless elegance with our exquisite collection of Marathi Nose Rings. Known traditionally as the Nath, this iconic piece of Maharashtrian bridal and festive jewelry is celebrated for its distinctive, eye-catching cashew shape and luxurious detailing.","[""ornate Embellishments"",""authentic Cultural Design"",""comfortable Wear options""]",https://wagfmihahpdgoqgghpzf.supabase.co/storage/v1/object/public/product-images/products/1786888372701_epyhqy2fcwb.jpeg,https://wagfmihahpdgoqgghpzf.supabase.co/storage/v1/object/public/product-images/products/1786888376810_nuh2nhxmoci.jpeg,[],cover,"[{""id"":""v1"",""name"":""1"",""stock"":1,""inStock"":true},{""id"":""v1786888402492"",""name"":""2"",""stock"":1,""inStock"":true},{""id"":""v1786888405890"",""name"":""3"",""stock"":1,""inStock"":true},{""id"":""v1786888410289"",""name"":""4"",""stock"":1,""inStock"":true},{""id"":""v1786888415405"",""name"":""5"",""stock"":1,""inStock"":true},{""id"":""v1786888416751"",""name"":""6"",""stock"":1,""inStock"":true},{""id"":""v1786888418753"",""name"":""7"",""stock"":1,""inStock"":true},{""id"":""v1786888419819"",""name"":""8"",""stock"":1,""inStock"":true},{""id"":""v1786888421220"",""name"":""9"",""stock"":1,""inStock"":true},{""id"":""v1786888422653"",""name"":""10"",""stock"":1,""inStock"":true},{""id"":""v1786888423304"",""name"":""11"",""stock"":1,""inStock"":true},{""id"":""v1786888424820"",""name"":""12"",""stock"":1,""inStock"":true},{""id"":""v1786888425453"",""name"":""13"",""stock"":1,""inStock"":true},{""id"":""v1786888427152"",""name"":""14"",""stock"":1,""inStock"":true},{""id"":""v1786888427852"",""name"":""15"",""stock"":1,""inStock"":true},{""id"":""v1786888429134"",""name"":""16"",""stock"":1,""inStock"":true},{""id"":""v1786888429767"",""name"":""17"",""stock"":1,""inStock"":true},{""id"":""v1786888431670"",""name"":""18"",""stock"":1,""inStock"":true},{""id"":""v1786888444486"",""name"":""19"",""stock"":1,""inStock"":true},{""id"":""v1786888446002"",""name"":""29"",""stock"":1,""inStock"":true},{""id"":""v1786888447302"",""name"":""21"",""stock"":1,""inStock"":true},{""id"":""v1786888449002"",""name"":""22"",""stock"":1,""inStock"":true}]",false,false,stainless steel,2026-08-16 13:59:18.453834+00,2026-08-16 13:59:18.453834+00,22
prod_1786889479069,prod_1786889479069,"large sized keepsake pendant ",women,pendants,189,"Keep your most cherished memories close to your heart with our Keepsake Heart Pendant. More than just a piece of jewelry, this elegant design is crafted to hold a small, meaningful memento—such as a tiny photograph, a lock of hair, or a delicate dried flower—serving as a timeless tribute to the people or moments you hold dear.","[""functional Keepsake Design"",""classic Heart Silhouette"",""thoughtful Detailing""]",https://wagfmihahpdgoqgghpzf.supabase.co/storage/v1/object/public/product-images/products/1786889355408_72efn2h3bq4.jpeg,https://wagfmihahpdgoqgghpzf.supabase.co/storage/v1/object/public/product-images/products/1786889358820_kolg8nl9ihi.jpeg,"[""https://wagfmihahpdgoqgghpzf.supabase.co/storage/v1/object/public/product-images/products/1786889366894_y2jt31pjk1c.jpeg""]",cover,"[{""id"":""v1"",""name"":""free size"",""stock"":1,""inStock"":true}]",false,false,stainless steel,2026-08-16 14:11:20.53459+00,2026-08-16 14:11:20.53459+00,1
prod_1786889669275,prod_1786889669275,silver maple leaf studs,women,studs,89,"Bring the crisp, natural beauty of autumn to your everyday style with our Silver Maple Leaf Earrings. Inspired by the intricate, iconic geometry of falling foliage, these graceful earrings offer a delicate blend of rustic charm and modern sophistication.","[""Brilliant Sterling Silver Finish"",""Lightweight & Comfortable"",""Versatile Elegance""]",https://wagfmihahpdgoqgghpzf.supabase.co/storage/v1/object/public/product-images/products/1786889533049_ah8h0juv8cr.jpeg,https://wagfmihahpdgoqgghpzf.supabase.co/storage/v1/object/public/product-images/products/1786889540139_f14v7z57u3d.jpeg,[],cover,"[{""id"":""v1"",""name"":""One Size"",""stock"":0,""inStock"":false}]",false,false,silver bakelite,2026-08-16 14:14:30.35307+00,2026-08-16 14:14:30.35307+00,0
